{"noiseKey":{"private":{"type":"Buffer","data":"4BAx8koLtleHOFEdcrciGp+y9vojrSFyNXQDWwMXhkE="},"public":{"type":"Buffer","data":"CoUHZGSHtCPDZe+vX/90ZHKpGv2SWiePAmjUO7iy6Ak="}},"pairingEphemeralKeyPair":{"private":{"type":"Buffer","data":"0MpQ4yS/Ao4bLeFYQYCJn30bVV6aAHkjGjrQFMO5IGQ="},"public":{"type":"Buffer","data":"t29D4S0tTFvzVXjOdRk7Z3hD4w9GvR00ZKx1AG50hTc="}},"signedIdentityKey":{"private":{"type":"Buffer","data":"GIsLPVMrQixMui39Fa5yHX/Pm6j7gNhTDOozBhQU32Q="},"public":{"type":"Buffer","data":"f7nVBIWTD6dxDzPKLsoVxPSZx9fuxWTn6GVCe3j/nSI="}},"signedPreKey":{"keyPair":{"private":{"type":"Buffer","data":"kCVcPJBlzYcmDVaHK+a/l6oEY8zfeZDGl/VqTvhRiXE="},"public":{"type":"Buffer","data":"gAjUJuK7nU7v0f+hkFy6ErqNa08EzN1yE8VGZJRYxTA="}},"signature":{"type":"Buffer","data":"nAhzzyRj626wveBYMMkb88SalUoizdqcMqXq8yqHS2FZR9f5w1sxEDWM/LY2D2rlMt3QTzhK4dx7/PvLbVi+AA=="},"keyId":1},"registrationId":11,"advSecretKey":"XcYR3ePrlvTZuwjNtyWZyGgeHPSPATOhb7i3HCeazWs=","processedHistoryMessages":[],"nextPreKeyId":1,"firstUnuploadedPreKeyId":1,"accountSyncCounter":0,"accountSettings":{"unarchiveChats":false},"registered":false,"pairingCode":"F1ZAHPMY","me":{"id":"11930478827@s.whatsapp.net","name":"~"}}